{
  "timestamp": "2026-02-06T15:47:59.484Z",
  "raw": {
    "campaigns": 1522,
    "spend": 1811700.9399999983
  },
  "excluded": {
    "nonHr": {
      "campaigns": 92,
      "spend": 161276.84000000005
    },
    "mcdBug": {
      "campaigns": 3,
      "spend": 7623.639999999999
    }
  },
  "included": {
    "hrWithLocation": {
      "campaigns": 488,
      "spend": 1548147.939999998
    },
    "hr20NoLocation": {
      "campaigns": 20,
      "spend": 94652.52
    }
  },
  "final": {
    "campaigns": 508,
    "spend": 1642800.459999998
  }
}